, 12
Fisherman's Wharf, 105
Financial District, 68
Parkmerced, 64
Outer Richmond, 15
West Portal, 104
Golden Gate Heights, 88
Cow Hollow, 94
Bernal Heights, 21
South of Market, 8
Treasure Island, 67
Duboce Triangle, 13
Visitacion Valley, 55
Apparel City, 80
Marina, 24
Merced Manor, 110
Oceanview, 87
Parnassus Heights, 45
Little Hollywood, 86
Forest Hill, 115
Seacliff, 112
Mission Bay, 20
St. Mary's Park, 72
Chinatown, 23
Glen Park, 106
Mint Hill, 38
Outer Sunset, 34
Stonestown, 101
Eureka Valley, 49
Cole Valley, 66
South Beach, 25
Presidio Terrace, 40
Portola, 56
Sunnyside, 17
Silver Terrace, 51
Downtown / Union Square, 37
Showplace Square, 69
Golden Gate Park, 50
Lower Pacific Heights, 63
Lake Street, 76
Bret Harte, 70
McLaren Park, 83
Produce Market, 59
Forest Knolls, 107
Rincon Hill, 27
Lakeshore, 85
Crocker Amazon, 61
Haight Ashbury, 18
Ingleside Terraces, 75
Telegraph Hill, 42
Sunnydale, 6
Corona Heights, 82
University Mound, 28
Outer Mission, 5
Balboa Terrace, 114
Clarendon Heights, 48
Mission Dolores, 52
Inner Richmond, 11
Lower Haight, 36
Japantown, 89
Miraloma Park, 96
Peralta Heights, 73
Parkside, 31
Mission Terrace, 39
Buena Vista, 53
St. Francis Wood, 113
Aquatic Park / Ft. Mason, 90
Hayes Valley, 30
India Basin, 79
Merced Heights, 32
Laurel Heights / Jordan Park, 102
Lincoln Park / Ft. Miley, 95
Dolores Heights, 3
Nob Hill, 26
Ashbury Heights, 47
Diamond Heights, 78
Noe Valley, 2
Cathedral Hill, 29
Sherwood Forest, 108
Mt. Davidson Manor, 111
Holly Park, 35
Bayview, 54
Laguna Honda, 103
Civic Center, 62
Hunters Point, 16
Sutro Heights, 9
Tenderloin, 22
Presidio National Park, 109
Polk Gulch, 41
Midtown Terrace, 98
Western Addition, 74
Inner Sunset, 46
Presidio Heights, 93
Anza Vista, 97
Westwood Park, 77
Potrero Hill, 60
Pacific Heights, 58
Excelsior, 57
Panhandle, 33
Central Waterfront, 81
Ingleside, 71
Alamo Square, 84
Castro, 19
Lower Nob Hill, 10
North Beach, 7
Lone Mountain, 14
Northern Waterfront, 43
Upper Market, 92
Fairmount, 91
Union Street, 4
Mission, 1
Russian Hill, 44
Cayuga, 65
Dogpatch, 100
Candlestick Point SRA, 99
